{"$schema":"http://schema.management.azure.com/schemas/2015-01-01/deploymentTemplate.json#","contentVersion":"1.0.0.0","parameters":{},"variables":{},"resources":[{"name":"pl_generic_email1","type":"pipelines","apiVersion":"2018-06-01","properties":{"activities":[{"name":"Office 365 Outlook","type":"Office365Outlook","dependsOn":[],"typeProperties":{"inputs":{"method":"post","path":"/v2/Mail","body":{"To":"@pipeline().parameters.to_Failure_email_list","Subject":"@concat(pipeline().parameters.project_name,' :',pipeline().parameters.Environment,' - ',pipeline().parameters.status,' - ',pipeline().parameters.subject)","Body":"<!DOCTYPE html>\n<html>\n<body style=\"font-family: Arial, sans-serif; line-height: 1.6; color: #333; background-color: #f9f9f9; padding: 20px;\">\n\n  <div style=\"max-width: 600px; margin: auto; background: #fff; padding: 20px; border-radius: 8px; box-shadow: 0 2px 5px rgba(0, 0, 0, 0.1);\">\n    <p>Dear Team,</p>\n    <p>This is to inform you about the recent status of the pipeline execution in <b>Microsoft Fabric</b>:</p>\n\n    <table style=\"width: 100%; border-collapse: collapse; margin-top: 10px; margin-bottom: 20px;\">\n      <tr>\n        <td style=\"padding: 8px; border: 1px solid #ddd; background: #f4f4f9; font-weight: bold;\">Pipeline Name:</td>\n        <td style=\"padding: 8px; border: 1px solid #ddd;\">@{pipeline().PipelineName}</td>\n      </tr>\n      <tr>\n        <td style=\"padding: 8px; border: 1px solid #ddd; background: #f4f4f9; font-weight: bold;\">Execution ID:</td>\n        <td style=\"padding: 8px; border: 1px solid #ddd;\">@{pipeline().RunId}</td>\n      </tr>\n   \n      <tr>\n        <td style=\"padding: 8px; border: 1px solid #ddd; background: #f4f4f9; font-weight: bold;\">Status:</td>\n        <td style=\"padding: 8px; border: 1px solid #ddd;\">@{pipeline().parameters.status}</td>\n      </tr>\n    </table>\n\n    <p><b>Details:</b></p>\n    <p>@{pipeline().parameters.details}</p>\n\n    <p>If the pipeline has failed or warnings occurred, please review the logs or check the configurations for the following step(s):</p>\n    <ul>\n      <li>Error : @{pipeline().parameters.error}</li>\n      \n    </ul>\n\n    <p>You can access the pipeline execution logs and additional details through the Microsoft Fabric portal: <br>\n\t\n      <a href=\"Fabricl Portal Link : \" style=\"color: #0078D7; text-decoration: none;\">@{pipeline().parameters.fabric_workspace_url}</a>\n    </p>\n  </div>\n\n</body>\n</html>\n","From":"@pipeline().parameters.from_email","Cc":"@pipeline().parameters.cc_email","Bcc":"@pipeline().parameters.bcc_email","Sensitivity":"@pipeline().parameters.sensitivity","Importance":"@pipeline().parameters.importanace"}}}}],"parameters":{"to_Failure_email_list":{"type":"string","defaultValue":"madhu.chilukuri@fintexinc.com"},"subject":{"type":"string","defaultValue":"Long Term Template"},"from_email":{"type":"string","defaultValue":"madhu.chilukuri@fintexinc.com"},"cc_email":{"type":"string","defaultValue":"madhu.chilukuri@fintexinc.com"},"bcc_email":{"type":"string"},"sensitivity":{"type":"string"},"importanace":{"type":"string","defaultValue":"Low"},"status":{"type":"string","defaultValue":"Success"},"error":{"type":"string","defaultValue":"NA"},"fabric_workspace_url":{"type":"string","defaultValue":"https://app.powerbi.com/groups/me/pipelines/b288dc53-669d-4a22-bd1d-46e93458a8db?experience=power-bi"},"Environment":{"type":"string","defaultValue":"Dev"},"details":{"type":"string"},"project_name":{"type":"string"}},"lastModifiedByObjectId":"1deda07d-a620-432f-b8a3-db881c149891","lastPublishTime":"2025-01-04T08:48:24Z","logicAppsConnectionPayload":{"id":"/subscriptions/a66ca80d-94b2-4130-ab2b-8ceb5f68b96e/resourceGroups/connections-a935a763-edda-4ea4-b6e3-b8e18b3fc926/providers/Microsoft.Web/connections/1_b288dc53-669d-4a22-bd1d-46e93458a8db_1deda07d-a620-432f-b8a3-db881c149891","properties":{"api":{"name":"office365","id":"/subscriptions/a66ca80d-94b2-4130-ab2b-8ceb5f68b96e/providers/Microsoft.Web/locations/canadacentral/managedApis/office365"}}},"extraTridentInfo":"{\"folderObjectId\":\"a935a763-edda-4ea4-b6e3-b8e18b3fc926\",\"capacityObjectId\":\"8815C397-95B5-46B4-B94A-3EB280D58545\",\"artifactType\":\"Pipeline\",\"provisionState\":\"Active\",\"lastUpdatedDate\":\"2025-01-04T08:48:24.924Z\",\"createdDate\":\"2024-12-27T12:12:59.453Z\",\"ownerUser\":{\"id\":1136576,\"name\":\"Madhu Chilukuri\",\"objectId\":\"1deda07d-a620-432f-b8a3-db881c149891\",\"userPrincipalName\":\"madhu.chilukuri@fintexinc.com\",\"aadAppId\":null,\"type\":null},\"ownerUserId\":1136576,\"createdByUser\":{\"id\":1136576,\"name\":\"Madhu Chilukuri\",\"objectId\":\"1deda07d-a620-432f-b8a3-db881c149891\",\"userPrincipalName\":\"madhu.chilukuri@fintexinc.com\",\"aadAppId\":null,\"type\":null},\"createdByUserId\":1136576,\"modifiedByUser\":{\"id\":1136576,\"name\":\"Madhu Chilukuri\",\"objectId\":\"1deda07d-a620-432f-b8a3-db881c149891\",\"userPrincipalName\":\"madhu.chilukuri@fintexinc.com\",\"aadAppId\":null,\"type\":null},\"modifiedByUserId\":1136576,\"permissions\":71,\"artifactPermissions\":7,\"systemArtifactType\":\"None\",\"etag\":\"\\\"f920be1cf23d4b1ca8dbed2e11a9dd34\\\"\"}"},"dependsOn":[]}]}